slug,player_id,height_cm,weight_kg,first_serve_perc,first_serve_points_won_perc,second_serve_points_won_perc,first_serve_return_points_won_perc,second_serve_return_points_won_perc,break_points_saved_perc,break_points_converted_perc,service_games_won_perc,service_points_won_perc,return_games_won_perc,return_points_won_perc
f324,roger-federer,185,85,62,77,57,33,51,67,41,89,70,27,40
n409,rafael-nadal,185,85,68,72,57,34,55,67,45,86,67,34,42
d643,novak-djokovic,188,77,65,74,56,34,55,65,44,86,67,32,42
f401,david-ferrer,175,73,63,69,52,33,55,60,44,78,63,31,42
mc10,andy-murray,191,82,58,74,52,33,55,63,44,82,65,32,42
a092,andre-agassi,180,80,63,73,54,32,56,65,43,84,66,32,42
s402,pete-sampras,185,77,59,81,53,29,51,68,41,89,69,24,38
ba47,tomas-berdych,196,91,58,77,52,29,52,64,42,84,67,24,38
r485,andy-roddick,188,88,65,79,56,27,49,68,39,90,71,20,36
h432,lleyton-hewitt,178,77,54,74,53,32,54,62,43,80,64,30,41
k267,yevgeny-kafelnikov,191,84,56,73,51,30,53,61,43,79,63,28,40
h355,tommy-haas,188,84,58,74,52,29,50,62,40,82,65,23,38
v306,fernando-verdasco,188,90,67,71,51,31,51,63,40,81,64,24,38
r419,tommy-robredo,180,75,65,69,52,31,51,61,41,78,63,25,39
m605,carlos-moya,191,86,59,72,52,31,51,63,40,80,63,25,39
g628,richard-gasquet,183,79,62,73,53,30,51,61,41,82,65,25,38
c274,michael-chang,175,73,56,72,53,32,55,60,44,79,63,32,42
y061,mikhail-youzhny,183,73,61,69,51,30,51,60,41,77,62,25,39
w367,stan-wawrinka,183,81,58,74,54,30,49,64,39,83,65,23,38
l397,feliciano-lopez,188,88,59,76,52,26,44,66,35,84,66,15,33
c977,marin-cilic,198,89,57,77,53,30,50,64,39,84,66,23,38
f196,wayne-ferreira,185,85,55,74,50,30,51,61,40,80,64,24,39
sd32,gilles-simon,183,70,57,70,52,31,53,60,42,76,62,27,40
mc65,gael-monfils,193,85,62,73,50,32,49,62,41,81,64,25,39
d402,nikolay-davydenko,178,72,67,68,51,33,53,60,44,77,63,30,41
f316,juan-carlos-ferrero,183,73,64,69,54,31,52,63,40,80,64,27,40
h336,tim-henman,185,77,58,74,51,32,50,63,41,81,64,26,39
i034,goran-ivanisevic,193,82,55,82,50,26,49,66,40,86,68,19,35
t786,jo-wilfried-tsonga,188,93,62,78,53,29,47,67,40,87,68,20,36
k435,philipp-kohlschreiber,178,70,60,72,54,29,50,63,40,82,65,22,37
s424,fabrice-santoro,178,74,58,67,51,32,52,59,41,73,60,27,40
d683,juan-martin-del-potro,198,97,64,74,53,30,52,64,42,85,67,26,39
m099,thomas-muster,180,77,62,69,54,32,55,63,45,80,63,32,42
n552,kei-nishikori,178,73,61,71,53,31,53,61,41,80,64,27,40
i186,john-isner,208,108,69,79,56,23,42,71,30,92,72,10,30
e113,thomas-enqvist,191,88,55,76,49,29,53,60,41,80,64,26,39
c344,alex-corretja,180,73,57,69,52,32,52,60,42,77,62,29,41
s694,radek-stepanek,185,76,62,73,51,30,50,62,40,81,64,23,38
l360,ivan-ljubicic,193,92,58,77,52,27,47,65,37,85,67,18,35
r237,greg-rusedski,193,91,58,80,52,26,47,66,37,87,68,17,35
k214,richard-krajicek,196,95,58,81,51,29,49,66,39,87,69,21,37
b446,jonas-bjorkman,183,83,58,70,49,30,54,60,40,75,61,27,40
s741,marat-safin,193,88,55,75,52,29,50,63,39,82,65,22,38
a479,nicolas-almagro,183,86,58,75,53,29,50,62,39,83,66,22,37
n289,jarkko-nieminen,185,78,65,68,50,30,52,60,42,76,62,25,38
sa93,andreas-seppi,191,78,58,71,50,29,50,60,40,76,62,23,38
k336,ivo-karlovic,211,104,66,83,53,21,40,71,30,92,73,9,28
c243,jim-courier,185,83,62,74,53,30,53,64,43,84,66,26,39
f510,fabio-fognini,178,79,59,68,48,32,51,57,43,72,60,27,39
m442,todd-martin,198,91,62,76,51,28,52,64,40,84,66,22,38
a678,kevin-anderson,203,94,65,77,53,26,47,66,36,87,68,16,34
q927,sam-querrey,198,95,59,79,50,27,47,63,38,85,67,18,34
c252,francisco-clavet,183,71,64,65,52,32,54,58,43,73,60,29,41
r286,marcelo-rios,175,73,58,71,53,31,53,61,42,79,64,29,41
c378,albert-costa,180,78,67,68,52,31,52,60,41,78,62,27,40
p226,cedric-pioline,188,79,57,74,49,29,51,61,40,79,63,24,38
n301,david-nalbandian,180,79,59,69,52,32,55,59,44,77,62,30,41
m762,jurgen-melzer,183,80,61,70,51,30,48,60,40,78,62,23,37
r214,marc-rosset,201,88,56,79,47,28,49,62,38,82,65,20,36
b676,james-blake,185,83,58,73,51,30,51,61,42,80,64,25,39
b350,sergi-bruguera,188,76,59,70,51,33,54,59,45,76,62,31,42
k316,nicolas-kiefer,183,80,53,75,49,30,51,60,43,78,63,25,39
r975,milos-raonic,196,98,63,81,55,27,46,70,36,91,72,16,34
h377,dominik-hrbaty,183,79,57,71,50,30,52,60,42,76,62,26,39
g476,guillermo-garcia-lopez,185,80,59,69,49,30,50,59,40,74,61,23,38
m850,paul-henri-mathieu,185,74,55,72,52,28,50,60,40,78,63,21,37
s636,rainer-schuettler,180,74,59,68,51,31,51,58,42,74,61,26,39
b837,marcos-baghdatis,178,82,53,75,52,29,50,60,40,80,64,23,38
ma21,juan-monaco,185,81,68,65,53,33,52,57,43,74,61,29,41
j129,thomas-johansson,180,80,53,76,51,27,50,62,41,81,64,22,37
g415,fernando-gonzalez,183,82,61,74,51,30,50,64,40,83,65,22,37
k293,gustavo-kuerten,191,83,55,76,52,29,51,63,41,82,65,24,38
bd06,roberto-bautista-agut,183,75,66,70,54,31,53,62,42,80,64,26,39
r255,patrick-rafter,185,86,62,76,52,29,50,64,40,85,67,23,38
g379,sebastien-grosjean,175,73,56,72,52,31,52,61,42,79,63,27,40
k148,petr-korda,0,86,59,72,48,32,53,61,41,78,62,28,41
c487,arnaud-clement,173,74,57,71,50,28,52,59,39,76,62,23,38
d875,grigor-dimitrov,191,81,62,75,51,29,49,63,38,83,66,22,37
e004,stefan-edberg,188,77,62,73,52,33,53,64,43,83,65,30,41
c514,juan-ignacio-chela,191,75,60,68,50,33,51,58,43,74,61,28,41
n254,jiri-novak,191,86,65,68,50,31,53,60,43,76,62,28,40
s544,vincent-spadea,183,77,58,68,51,30,52,60,42,74,61,25,39
g182,magnus-gustafsson,185,78,65,68,50,34,52,60,43,76,62,30,41
b747,julien-benneteau,185,79,64,69,49,29,50,59,39,76,62,22,37
t840,viktor-troicki,193,86,61,72,47,30,49,60,41,77,63,23,38
m535,felix-mantilla,180,78,62,67,51,31,54,59,45,75,61,29,40
ca12,jeremy-chardy,188,75,60,74,50,27,48,63,37,81,65,19,35
m680,xavier-malisse,185,83,57,73,51,30,50,60,41,78,64,24,38
l290,nicolas-lapentti,188,86,60,70,48,30,50,59,39,75,62,24,38
m475,andrei-medvedev,193,91,57,71,49,32,52,60,42,76,62,28,41
f339,mardy-fish,188,82,54,77,52,29,49,62,40,82,65,22,37
b028,boris-becker,191,85,57,79,50,29,51,66,40,86,67,24,38
s351,michael-stich,193,79,57,78,52,31,50,66,40,85,67,24,38
gb88,david-goffin,180,70,58,72,51,31,53,60,41,78,63,28,40
sa49,robin-soderling,193,87,61,76,52,30,51,63,43,84,66,24,38
tb69,dominic-thiem,185,79,60,74,53,30,50,63,39,83,66,23,38
p338,mark-philippoussis,196,103,58,80,50,27,48,64,36,85,67,18,35
s572,sjeng-schalken,193,82,62,69,50,30,51,60,41,76,62,25,39
b428,alberto-berasategui,173,66,74,63,49,34,56,58,44,72,59,32,42
m824,albert-montanes,175,70,60,69,49,29,50,58,39,75,61,22,37
r772,albert-ramos-vinolas,188,76,62,68,52,29,50,61,40,77,62,23,37
g858,ernests-gulbis,191,85,60,75,49,28,48,64,37,81,65,19,35
l206,magnus-larsson,193,93,64,73,51,28,50,63,39,82,65,22,37
g710,marcel-granollers,191,80,61,69,49,30,49,57,40,74,61,23,38
r397,olivier-rochus,168,65,61,66,51,29,53,59,41,74,61,24,38
p280,andrei-pavel,183,90,65,69,50,29,51,59,41,77,62,24,38
sc77,sergiy-stakhovsky,193,80,62,71,49,27,47,61,36,78,63,18,35
s381,jan-siemerink,183,73,56,75,51,28,48,65,36,81,64,18,36
k237,karol-kucera,185,88,55,71,48,33,52,56,43,73,61,29,41
g374,gaston-gaudio,175,70,62,67,50,33,53,58,42,73,60,30,41
t742,janko-tipsarevic,180,80,56,74,52,27,50,61,40,80,64,21,37
pd31,benoit-paire,196,80,52,75,46,31,49,60,40,75,61,24,38
z168,mischa-zverev,191,88,64,69,49,29,47,60,38,76,62,20,36
m873,nicolas-mahut,191,82,61,73,50,27,46,62,38,81,64,17,34
t315,dmitry-tursunov,185,82,57,73,50,27,49,63,40,79,63,20,36
me82,adrian-mannarino,180,79,61,69,51,29,50,59,42,76,62,22,37
m590,alberto-martin,175,73,61,65,49,31,51,57,42,70,59,26,39
c433,guillermo-canas,185,86,58,71,51,33,51,60,42,77,63,28,40
e121,younes-el-aynaoui,193,86,62,73,50,29,48,63,37,81,64,20,36
h756,robin-haase,191,77,59,72,49,28,48,60,39,78,63,21,36
mb02,florian-mayer,191,82,62,69,50,29,50,58,41,76,62,23,37
d801,alexandr-dolgopolov,180,71,55,75,51,29,49,60,40,79,64,22,37
a511,igor-andreev,185,80,62,70,52,30,48,60,39,79,64,21,37
c882,pablo-cuevas,180,78,60,72,52,29,48,61,40,79,64,21,37
i165,denis-istomin,188,85,65,71,51,27,48,62,38,80,64,18,35
s015,javier-sanchez,178,70,66,67,49,32,50,58,40,74,61,25,39
b397,byron-black,175,70,60,68,50,28,55,59,41,74,61,26,39
m655,nicolas-massu,183,80,59,69,50,31,50,61,42,75,61,25,38
z355,alexander-zverev,198,90,64,74,50,30,51,60,42,81,65,24,38
s331,jason-stoltenberg,185,80,57,73,48,31,51,60,41,77,62,26,39
c328,kenneth-carlsen,191,88,58,75,50,27,47,64,37,81,65,17,35
ma30,gilles-muller,193,89,61,78,50,24,45,67,34,85,67,13,32
n250,magnus-norman,188,89,58,72,50,30,51,61,41,78,63,26,39
bd20,thomaz-bellucci,188,82,58,70,51,29,50,59,39,77,62,22,37
g725,santiago-giraldo,188,75,64,68,51,28,49,60,39,77,62,21,36
c179,carlos-costa,183,73,55,69,49,32,55,57,44,73,60,31,42
g569,robby-ginepri,183,79,62,69,52,28,51,58,40,78,63,23,37
v037,alexander-volkov,188,79,53,72,49,29,52,61,43,76,61,26,39
m595,max-mirnyi,165,93,63,76,51,27,45,64,36,84,67,16,34
k310,stefan-koubek,175,68,60,66,51,30,50,58,41,72,60,24,38
h528,victor-hanescu,198,88,69,69,51,28,48,62,38,79,63,19,36
b896,benjamin-becker,178,72,57,75,50,26,47,59,37,79,64,17,34
u032,bohdan-ulihrach,188,81,57,68,49,30,53,58,42,72,60,26,39
sh90,joao-sousa,185,74,61,70,49,29,48,59,38,75,62,21,37
h223,paul-haarhuis,188,80,60,70,50,29,50,61,42,77,62,23,38
w124,malivai-washington,180,79,59,72,52,30,51,61,42,80,64,26,39
s675,paradorn-srichaphan,185,82,57,73,52,28,49,59,40,80,64,21,37
y124,donald-young,183,79,60,67,49,28,49,58,38,72,60,21,37
ta46,bernard-tomic,196,91,66,71,50,25,48,64,36,81,64,17,34
w035,mark-woodforde,188,88,58,71,49,30,51,62,39,77,62,24,39
w136,todd-woodbridge,178,75,59,69,47,30,53,58,42,74,60,26,40
k926,mikhail-kukushkin,183,72,61,66,51,28,51,60,40,74,60,22,37
ba98,simone-bolelli,183,83,66,69,53,26,46,61,37,79,64,16,34
c524,guillermo-coria,175,69,63,68,50,36,54,59,46,75,61,35,44
h940,ryan-harrison,185,84,59,72,50,27,46,63,38,79,63,18,34
r016,richey-reneberg,180,77,56,71,51,30,53,59,41,77,62,26,39
t136,jeff-tarango,180,73,61,68,49,29,52,60,41,74,60,25,39
b053,arnaud-boetsch,183,76,57,71,50,30,52,60,41,77,62,26,39
g352,jan-michael-gambill,191,88,56,76,49,27,49,64,40,81,64,21,36
g254,andrea-gaudenzi,183,84,62,67,48,31,52,57,41,72,59,27,40
a226,hicham-arazi,175,65,57,69,50,29,51,59,40,74,61,24,38
z073,mariano-zabaleta,183,77,58,69,50,32,49,59,39,75,61,25,39
c478,agustin-calleri,183,86,55,74,50,31,51,60,40,79,63,24,39
v254,filippo-volandri,183,73,68,62,48,33,52,55,44,67,58,30,41
b678,michael-berrer,193,100,64,71,48,27,46,61,37,78,63,17,35
md56,leonardo-mayer,191,80,61,73,52,27,48,62,37,82,65,17,35
f164,richard-fromberg,196,88,59,74,48,29,48,61,39,78,63,21,37
l428,michael-llodra,191,80,62,73,51,27,47,62,36,81,65,17,35
cd85,pablo-carreno-busta,188,78,64,69,52,29,52,61,42,78,63,24,38
g681,teymuraz-gabashvili,188,83,57,70,48,27,49,60,38,74,61,20,36
a385,mario-ancic,196,82,61,76,52,30,49,62,40,84,66,22,37
f192,renzo-furlan,175,70,59,67,49,32,51,57,42,72,60,27,40
l987,dusan-lajovic,183,83,66,68,52,28,49,60,40,78,63,20,36
f444,alejandro-falla,185,77,59,67,49,29,50,57,41,72,60,22,37
j386,steve-johnson,188,86,59,75,52,26,46,66,36,84,66,17,33
d198,slava-dosedel,183,79,65,64,49,34,54,57,43,70,59,31,42
s963,florent-serra,180,78,61,67,50,28,49,60,40,74,61,21,36
a389,jose-acasuso,191,86,54,72,51,29,51,60,39,78,62,23,37
k966,martin-klizan,191,85,58,69,49,29,51,61,42,75,61,23,37
m443,fernando-meligeni,180,64,57,69,49,31,51,58,42,73,60,27,39
n025,karel-novacek,191,82,57,73,50,30,51,62,40,79,63,24,39
sf62,tim-smyczek,175,73,61,66,50,28,49,59,38,73,60,20,36
r685,lukas-rosol,193,83,58,72,50,26,46,63,36,79,63,17,34
a596,pablo-andujar,180,80,63,65,49,31,52,57,40,70,59,25,39
l575,yen-hsun-lu,180,74,61,70,50,27,50,59,38,76,62,19,36
sm25,jack-sock,191,88,58,74,53,27,48,63,39,82,65,19,35
r613,edouard-roger-vasselin,185,78,65,69,50,28,48,59,37,77,62,20,36
d874,federico-delbonis,193,90,60,70,51,29,50,61,39,77,62,21,37
r186,guillaume-raoux,180,77,53,73,51,26,50,60,39,78,63,20,36
sl28,jan-lennard-struff,193,92,56,77,50,27,48,61,38,81,65,19,35
h442,jan-hernych,188,83,66,64,49,30,50,59,41,72,59,23,38
d646,ivan-dodig,183,81,59,72,49,29,49,60,41,78,63,21,37
sm37,diego-schwartzman,170,64,62,66,51,33,55,56,43,73,60,31,42
s843,potito-starace,188,84,72,66,51,29,48,61,40,76,62,21,36
w123,david-wheaton,193,84,60,74,48,28,52,63,40,79,63,23,38
bh09,aljaz-bedene,183,73,57,74,49,28,49,59,38,78,63,20,36
p273,david-prinosil,185,82,51,75,47,28,50,60,39,75,61,22,37
be90,ricardas-berankis,175,77,56,70,51,26,49,59,37,77,62,19,36
v141,daniel-vacek,191,81,58,74,48,26,48,60,37,78,63,18,35
v195,fernando-vicente,180,76,60,66,49,32,51,58,41,70,59,26,39
d362,taylor-dent,188,88,57,75,49,29,49,60,41,80,64,22,37
f035,guy-forget,191,80,58,78,52,28,49,64,38,84,67,20,36
l018,ivan-lendl,188,79,56,76,52,31,53,63,42,82,66,28,40
pd07,vasek-pospisil,193,88,58,76,51,26,45,63,36,83,65,15,33
s480,davide-sanguinetti,188,79,56,70,48,30,49,58,39,73,60,23,38
b884,carlos-berlocq,183,81,64,66,48,31,50,57,41,71,60,25,39
g676,daniel-gimeno-traver,183,80,59,69,49,29,48,58,37,74,61,19,36
e140,nicolas-escude,185,70,56,73,50,31,50,60,41,78,63,25,39
h996,pierre-hugues-herbert,188,75,59,74,51,26,46,63,37,82,64,16,33
k540,lukasz-kubot,191,88,62,69,48,29,49,58,40,74,61,22,37
p045,gianluca-pozzi,180,80,48,72,49,30,50,57,40,72,60,23,38
mm58,daniil-medvedev,198,83,59,74,52,29,53,62,40,81,65,25,38
kb09,denis-kudla,180,79,58,69,50,27,48,58,40,75,61,19,35
d632,steve-darcis,175,78,61,69,50,28,49,59,40,76,62,20,36
l797,lukas-lacko,188,87,59,71,50,25,47,58,37,76,62,17,34
d214,martin-damm,188,88,56,75,49,26,48,59,36,79,64,18,35
h025,jakob-hlasek,188,78,59,74,49,29,50,60,40,79,64,22,37
s545,sargis-sargsian,180,75,61,68,49,30,50,58,41,74,61,23,38
bc72,daniel-brands,196,92,66,73,51,24,45,62,32,82,65,12,32
pf39,lucas-pouille,185,84,56,73,51,27,48,63,39,81,64,19,35
c031,andrei-chesnokov,188,76,58,65,48,33,53,57,44,69,58,31,41
k839,tobias-kamke,178,76,59,66,49,29,52,57,40,71,59,24,38
s321,brett-steven,185,77,65,69,50,30,51,61,41,77,62,24,39
bc65,matthias-bachinger,188,86,59,72,47,28,48,61,34,76,62,18,35
r548,rajeev-ram,193,84,61,73,49,25,44,59,36,79,63,15,33
g252,marc-kevin-goellner,196,81,52,79,48,27,48,61,39,80,64,19,35
p305,albert-portas,188,78,57,68,46,29,52,56,41,70,59,25,39
d923,damir-dzumhur,175,68,64,65,50,32,50,57,43,71,60,27,39
cg80,borna-coric,188,85,62,72,53,27,50,61,38,81,65,20,36
ke17,nick-kyrgios,193,85,65,77,53,24,47,67,39,88,69,16,33
s568,franco-squillari,183,80,57,68,47,32,52,59,41,72,59,27,40
r368,michael-russell,173,70,66,65,48,29,50,53,40,70,59,22,37
e690,matthew-ebden,188,80,61,71,45,28,47,57,39,73,61,19,35
sc56,dudi-sela,175,65,60,67,50,30,51,57,40,72,60,24,38
be54,ruben-bemelmans,183,75,64,70,50,26,47,62,37,78,63,16,34
s014,emilio-sanchez,180,74,65,68,51,32,49,59,40,76,62,24,38
ba65,dustin-brown,196,78,61,74,49,26,45,64,37,81,64,16,33
g436,marc-gicquel,188,75,57,72,50,28,48,61,39,78,63,20,36
g319,jerome-golmard,188,77,59,71,51,27,50,60,40,78,63,21,37
a203,karim-alami,185,85,56,71,48,31,49,58,39,74,61,23,38
c216,tomas-carbonell,178,72,67,65,44,34,53,56,44,68,58,30,41
k023,aaron-krickstein,183,73,59,69,51,31,54,60,42,75,61,28,40
bg23,nikoloz-basilashvili,185,79,60,68,50,29,50,59,38,74,60,22,37
l503,paolo-lorenzi,183,78,59,69,49,28,48,58,38,74,61,20,36
ca99,marius-copil,193,87,57,75,52,25,44,62,34,82,65,13,32
r336,christophe-rochus,170,68,61,64,47,29,52,54,39,66,57,24,38
pc11,guido-pella,183,79,65,69,52,28,51,63,37,78,63,21,37
me89,illya-marchenko,185,82,58,71,47,29,49,59,40,75,61,21,36
g967,peter-gojowczyk,188,83,55,74,48,27,49,59,39,78,63,19,36
s403,jonathan-stark,188,84,59,76,49,28,47,61,37,82,65,18,36
b842,alex-bogomolov-jr.,178,75,69,65,48,28,51,58,41,72,60,23,38
te51,stefanos-tsitsipas,193,89,61,76,53,28,48,64,38,85,67,19,35
d499,frank-dancevic,185,79,60,73,50,25,45,61,33,79,64,15,33
f165,marcelo-filippini,178,66,66,64,50,33,51,58,39,70,59,27,40
k190,bernd-karbacher,185,73,54,71,48,30,51,59,40,73,60,24,38
kb54,andrey-kuznetsov,185,71,58,71,50,29,50,59,37,76,62,21,37
a829,radu-albot,175,69,64,65,50,29,51,57,37,72,60,22,37
se73,yuichi-sugita,175,72,61,68,49,26,49,60,38,75,61,19,36
p436,bjorn-phau,175,70,53,68,49,29,49,56,41,70,59,22,37
me05,marinko-matosevic,193,86,60,68,48,28,50,59,39,73,60,21,37
ke29,karen-khachanov,198,87,61,74,51,28,50,63,41,82,65,21,36
v166,adrian-voinea,185,73,57,69,49,29,50,56,41,73,61,23,38
k760,evgeny-korolev,185,82,58,71,47,28,49,59,41,74,61,22,37
g806,andrey-golubev,183,79,59,68,50,28,46,59,40,74,61,19,35
g016,brad-gilbert,185,79,56,72,48,33,50,61,43,76,62,27,40
v708,jiri-vesely,198,94,64,72,51,27,48,63,37,80,64,19,35
c582,marco-chiudinelli,185,85,60,70,50,26,48,60,38,77,62,17,34
e831,kyle-edmund,188,83,60,73,52,27,50,63,39,81,65,21,36
m048,patrick-mcenroe,183,73,61,67,49,29,55,61,42,73,60,27,40
z184,horacio-zeballos,188,84,62,71,51,24,45,62,37,79,63,15,32
k403,igor-kunitsyn,180,75,60,65,50,28,51,56,39,69,59,22,37
p624,philipp-petzschner,185,77,55,74,50,28,47,59,38,78,63,19,36
re44,andrey-rublev,188,70,60,72,49,29,53,61,38,78,63,24,39
b518,galo-blanco,170,72,55,69,49,28,50,59,39,72,60,22,37
a034,jordi-arrese,175,64,72,62,48,34,54,56,44,68,58,32,42
a202,wayne-arthurs,185,91,56,81,55,23,40,67,30,88,69,10,30
k181,nicklas-kulti,191,88,57,72,48,28,50,59,38,76,62,22,37
p372,mariano-puerta,180,78,65,69,51,29,49,60,42,77,63,22,37
k771,marsel-ilhan,191,80,62,69,49,25,46,57,37,75,61,16,33
l311,hyung-taik-lee,180,82,63,68,52,29,49,58,37,76,62,21,37
d616,somdev-devvarman,180,73,60,67,50,28,50,59,40,73,60,23,37
c260,andrei-cherkasov,180,75,60,66,49,29,54,58,42,71,59,26,40
f041,javier-frana,185,77,62,73,51,29,51,64,40,81,65,22,38
r383,ruben-ramirez-hidalgo,183,74,57,67,46,29,49,57,43,69,58,23,37
j397,jerzy-janowicz,203,94,62,75,49,27,46,64,36,82,65,17,34
c723,flavio-cipolla,173,74,69,59,45,32,50,55,41,61,55,26,39
h390,luis-horna,180,82,67,70,50,28,48,60,39,79,63,19,36
j267,malek-jaziri,185,81,54,71,49,26,48,62,37,75,60,18,35
d750,kenny-de-schepper,203,100,67,72,49,24,43,66,29,81,64,10,31
d864,evgeny-donskoy,185,75,59,70,51,25,46,62,35,77,62,15,34
m012,amos-mansdorf,175,73,58,70,52,29,51,61,41,78,62,25,39
y017,jaime-yzaga,170,68,60,66,50,32,52,58,43,72,60,28,40
d776,thiemo-de-bakker,193,83,60,73,50,26,46,62,38,79,63,16,34
s315,gilbert-schaller,180,70,76,61,49,33,54,55,43,68,58,31,42
kb05,filip-krajinovic,185,75,64,68,51,29,51,60,40,75,62,24,38
e106,jacco-eltingh,188,98,62,73,48,25,47,62,36,80,64,16,34
g354,justin-gimelstob,196,88,58,72,47,28,48,59,38,76,61,19,36
m030,wally-masur,180,76,66,70,53,28,49,61,39,81,64,21,37
w212,chris-woodruff,188,82,60,72,48,29,52,61,38,78,62,24,38
d015,olivier-delaitre,168,88,54,70,49,29,49,58,40,73,60,23,37
mh30,john-millman,183,79,62,68,53,28,50,59,42,77,63,23,37
sf36,igor-sijsling,191,85,59,73,49,27,47,58,39,78,63,18,35
g247,hernan-gumy,188,91,62,67,49,31,52,57,43,73,60,27,40
fb98,taylor-fritz,193,86,59,75,50,25,49,62,35,81,65,18,35
f586,thomas-fabbiano,173,70,65,65,49,27,51,56,37,71,60,21,37
t166,mikael-tillstrom,185,73,59,69,49,29,52,59,40,74,61,24,38
d270,scott-draper,175,76,56,72,51,27,48,61,38,78,63,18,35
da81,taro-daniel,191,80,63,66,49,27,49,60,39,71,59,21,36
r612,stephane-robert,185,77,53,69,47,28,51,56,40,69,58,22,37
o098,marcos-ondruska,183,80,58,66,46,32,51,58,45,70,58,27,40
f724,marton-fucsovics,188,82,56,70,50,31,51,61,39,76,61,26,39
p235,stefano-pescosolido,185,86,52,71,48,29,49,56,40,72,60,23,37
d424,rik-de-voest,180,68,60,68,49,27,47,60,38,74,60,18,35
sg87,ryan-sweeting,196,83,63,67,47,27,51,60,42,71,59,22,36
n732,yoshihito-nishioka,170,64,65,64,54,28,54,59,41,72,60,25,38
pb22,peter-polansky,183,80,58,68,49,26,47,59,36,72,60,17,34
i230,tatsuma-ito,180,75,58,68,49,26,48,54,36,72,60,17,35
v309,kristof-vliegen,193,75,61,69,50,29,48,56,40,75,62,20,36
s080,carl-uwe-steeb,180,75,59,67,51,30,50,58,42,74,60,24,38
sc47,go-soeda,178,73,56,67,48,27,47,54,36,70,59,17,35
s443,sandon-stolle,193,79,58,74,45,29,49,58,39,77,62,22,37
ch27,hyeon-chung,188,89,62,70,50,30,52,58,43,77,63,26,39
d249,hendrik-dreekmann,188,82,50,74,48,27,51,61,38,75,61,22,37
k834,blaz-kavcic,188,78,63,66,46,30,50,55,42,68,58,23,38
m338,shuzo-matsuoka,185,80,61,74,51,27,48,63,39,82,65,19,35
sc73,rogerio-dutra-silva,178,73,61,67,49,29,46,56,36,70,60,19,36
o009,andrei-olhovskiy,185,73,56,75,48,28,49,60,36,78,63,19,36
r219,christian-ruud,185,85,59,65,48,31,53,55,41,68,58,28,40
e687,daniel-evans,175,75,61,70,51,30,50,61,41,77,63,24,38
cf01,marco-cecchinato,185,78,66,68,49,26,47,56,36,75,62,17,34
b040,christian-bergstrom,180,68,65,65,50,32,52,58,44,73,60,29,40
h191,henrik-holm,183,77,51,78,45,31,48,61,39,77,62,22,38
d272,antony-dupuis,185,87,59,72,51,26,47,63,35,79,64,16,34
s693,raemon-sluiter,185,80,59,73,51,27,47,61,38,79,64,18,35
o234,wayne-odesnik,180,77,62,67,50,27,51,60,39,73,60,22,37
bf23,facundo-bagnis,183,82,61,67,49,28,47,58,34,72,60,17,35
b484,lars-burgsmuller,183,73,59,68,48,29,50,57,40,72,60,22,38
b429,jordi-burillo,188,85,53,72,46,31,50,56,43,72,60,25,38
l799,jesse-levine,175,68,60,67,48,28,49,62,41,73,60,20,36
c009,omar-camporese,188,78,51,74,49,30,49,61,43,76,62,22,37
d316,ramon-delgado,183,80,59,68,49,27,49,57,39,74,60,20,36
g717,fred-gil,173,78,64,65,50,30,49,58,41,72,59,22,38
s406,grant-stafford,15,95,60,68,45,31,54,57,42,70,59,28,40
o099,alex-o'brien,185,88,63,69,50,26,50,60,38,76,62,20,36
v250,andreas-vinciguerra,180,73,59,70,50,29,50,64,43,76,61,23,38
i052,andrew-ilie,180,78,54,69,50,28,49,60,36,74,60,21,37
s380,bryan-shelton,185,80,58,75,49,26,49,64,35,81,64,16,35
me31,vincent-millot,173,75,59,66,47,28,49,60,42,69,59,23,37
d228,filip-dewulf,191,80,55,71,47,28,51,60,43,75,61,23,37
r043,derrick-rostagno,185,75,61,71,48,30,51,60,39,77,62,24,38
m708,ricardo-mello,175,73,63,65,51,27,50,57,40,71,60,20,37
h472,oscar-hernandez,180,70,65,64,48,28,49,57,37,70,59,20,36
s677,david-sanchez,183,76,61,65,47,33,52,57,42,68,58,28,40
g039,jim-grabb,193,82,66,72,46,28,48,61,36,79,63,19,36
b503,george-bastl,183,85,65,67,47,27,49,58,35,72,60,20,37
p701,michal-przysiezny,185,84,58,71,48,25,45,61,38,76,62,15,33
dc58,jared-donaldson,188,75,52,74,51,26,49,57,40,77,63,21,36
z189,grega-zemlja,183,81,59,71,49,28,47,62,38,76,62,19,35
mb53,adrian-menendez-maceiras,183,75,61,67,48,25,47,55,37,71,59,15,33
k737,alex-kuznetsov,183,78,59,71,47,24,46,53,34,73,61,14,33
g333,paul-goldstein,178,72,62,65,48,31,52,59,43,70,59,27,40
s055,horst-skoff,175,73,59,66,49,32,51,57,41,71,59,27,39
m915,daniel-munoz-de-la-nava,175,75,57,67,48,29,48,60,34,70,59,20,36
b804,karol-beck,180,74,54,72,46,29,48,57,37,72,60,20,37
c634,paul-capdeville,191,78,61,67,48,30,49,54,41,71,59,23,37
su55,denis-shapovalov,185,75,58,76,52,28,47,64,37,83,66,18,35
s101,jonas-svensson,188,76,65,66,49,32,52,60,43,73,60,28,40
ba86,andreas-beck,191,89,59,69,52,27,48,61,36,78,62,18,35
r483,bobby-reynolds,183,77,59,70,49,25,46,59,32,75,61,15,33
l226,sebastien-lareau,183,79,60,71,45,27,51,61,39,75,61,21,37
td51,frances-tiafoe,188,86,63,71,52,26,49,59,37,79,64,18,35
n309,ivan-navarro,183,86,61,73,49,27,44,62,37,80,64,15,33
f580,martin-fischer,180,71,58,63,51,29,47,54,38,68,58,22,36
l949,henri-laaksonen,185,78,59,70,48,29,49,59,41,74,61,22,37
cf59,roberto-carballes-baena,183,77,62,68,49,30,50,59,44,74,61,24,38
k358,kevin-kim,180,75,58,70,46,28,48,54,38,71,60,20,36
a199,chuck-adams,185,81,64,69,51,28,48,60,36,79,63,19,36
s681,cyril-saulnier,191,84,56,73,51,26,48,60,37,79,64,17,35
m578,juan-antonio-marin,175,73,57,64,48,31,51,56,44,65,57,26,39
j006,anders-jarryd,180,70,54,72,50,31,51,56,42,75,62,26,39
g585,maximo-gonzalez,175,75,65,63,48,30,50,60,38,68,57,23,38
w503,james-ward,188,78,60,71,49,25,47,60,33,76,62,14,33
dh58,alex-de-minaur,183,69,61,71,54,29,51,62,39,81,64,23,38
g621,chris-guccione,201,92,60,79,52,21,40,68,28,86,68,9,29
r280,lionel-roux,185,79,57,69,49,28,48,58,42,74,60,21,36
bk40,matteo-berrettini,196,95,61,77,53,27,47,66,35,86,68,17,34
v207,jiri-vanek,185,86,59,69,45,28,49,59,41,71,59,21,36
r750,pere-riba,183,78,55,67,47,27,48,55,40,68,58,18,35
e698,gastao-elias,183,76,52,69,50,31,46,57,41,71,60,22,37
h804,andreas-haider-maurer,191,89,56,72,47,26,45,60,37,75,61,17,34
g940,sam-groth,193,100,61,78,51,23,41,64,32,85,67,10,30
r782,julian-reister,188,87,70,66,47,30,48,60,33,72,60,19,37
k448,robert-kendrick,191,86,58,74,47,25,46,61,33,78,63,14,33
f811,bjorn-fratangelo,183,79,56,68,51,25,50,58,41,74,61,20,35
sg64,joao-souza,193,92,63,70,49,28,45,54,36,74,62,17,35
z254,jurgen-zopp,191,88,60,70,49,27,46,59,33,77,61,16,34
m035,luiz-mattar,183,76,58,69,51,29,48,61,39,76,62,21,37
kd46,thanasi-kokkinakis,193,84,59,75,49,24,48,65,38,81,64,15,33
j084,lars-jonsson,188,70,66,62,49,30,51,57,42,68,58,26,39
g511,simon-greul,185,80,56,68,50,27,48,58,38,73,60,19,35
k319,michel-kratochvil,185,77,56,70,48,31,51,59,42,73,60,25,39
ma41,ivo-minar,183,85,59,69,50,29,47,56,42,74,61,20,35
p190,guillermo-perez-roldan,178,78,68,63,50,36,53,58,47,72,59,33,42
j194,joachim-johansson,198,90,62,79,53,22,47,69,35,89,69,14,32
be67,mirza-basic,188,88,58,69,51,26,46,62,40,77,62,18,34
n210,daniel-nestor,191,86,59,75,47,24,48,62,37,81,64,17,34
c361,alex-calatrava,191,82,59,71,49,28,48,60,40,76,62,21,36
sk94,cedrik-marcel-stebe,183,70,61,65,48,31,50,56,38,68,58,23,38
ta29,marco-trungelliti,178,78,58,65,49,31,49,60,40,70,59,23,38
a006,ronald-agenor,180,82,64,65,48,30,51,57,40,70,59,24,38
s876,flavio-saretta,183,70,59,67,48,34,51,59,43,71,59,28,41
mj08,thiago-monteiro,183,78,64,70,51,25,47,60,39,78,63,18,34
l515,peter-luczak,183,77,62,68,50,25,47,61,36,75,61,16,33
k296,jan-kroslak,188,77,61,69,44,28,51,60,38,72,59,22,37
n771,cameron-norrie,188,82,65,69,49,28,49,62,40,78,62,21,36
n109,diego-nargiso,188,82,54,73,46,30,48,60,40,75,60,21,37
v251,santiago-ventura,183,78,54,68,47,31,48,56,44,68,58,24,38
g108,rodolphe-gilbert,183,73,52,70,49,28,49,59,37,73,60,21,37
b305,karsten-braasch,180,73,55,74,46,29,48,62,36,77,62,20,37
sj55,john-patrick-smith,188,84,64,68,50,26,44,56,40,76,62,15,33
l336,harel-levy,185,82,58,69,47,28,49,59,40,72,60,21,36
e224,victor-estrella-burgos,170,77,65,67,50,24,47,59,40,74,61,17,33
t195,michael-tebbutt,191,82,53,78,46,28,49,61,38,79,63,20,36
c270,cristiano-caratti,178,77,64,64,48,29,51,55,39,69,58,23,38
rh16,casper-ruud,183,77,66,71,52,27,49,63,42,81,64,22,35
p050,goran-prpic,180,75,71,64,48,34,53,55,44,71,59,31,42
g512,denis-gremelmayr,183,73,57,66,49,28,46,59,38,70,59,19,35
kc04,jozef-kovalik,183,82,60,68,50,27,47,60,37,75,61,18,35
d357,arnaud-di-pasquale,185,80,63,65,48,32,50,55,43,70,59,27,39
se66,eduardo-schwank,183,83,63,67,51,27,49,58,37,75,61,18,36
b599,julien-boutter,191,86,55,74,49,28,46,62,39,78,63,19,35
k596,alexander-kudryavtsev,183,79,52,73,51,26,45,54,37,78,63,14,33
p467,alexander-peya,183,83,61,69,47,29,46,59,35,73,60,18,36
k776,konstantin-kravchuk,191,80,62,72,47,24,43,61,35,75,62,14,32
w373,jimmy-wang,180,73,62,65,50,29,50,60,40,71,59,23,37
d994,james-duckworth,183,82,56,73,50,24,45,64,36,79,63,14,32
v564,antonio-veic,180,74,62,65,46,33,49,50,48,66,57,27,39
m047,john-mcenroe,180,75,57,75,50,32,51,62,42,81,64,27,39
v201,john-van-lottum,185,72,54,70,49,28,50,59,42,72,60,21,37
m372,alberto-mancini,180,79,63,67,51,30,51,60,42,74,61,23,38
h571,jan-hajek,180,80,63,64,47,27,50,56,36,67,58,19,36
s604,andre-sa,185,79,59,65,48,30,51,55,40,67,58,24,39
sf76,franko-skugor,196,95,59,68,45,30,46,58,37,71,59,21,37
m408,jamie-morgan,185,80,57,75,49,27,48,59,33,80,64,18,35
o076,jaime-oncins,196,82,56,68,44,34,53,56,41,68,58,29,42
y218,elias-ymer,183,79,59,68,47,26,46,58,33,71,59,15,34
m759,wesley-moodie,196,91,69,74,51,24,44,63,33,84,67,12,31
db63,laslo-djere,188,82,60,70,50,29,48,60,35,76,62,19,36
l014,henri-leconte,185,79,50,74,50,31,50,61,40,77,62,23,38
g983,alessandro-giannessi,185,82,66,65,47,30,50,63,37,71,59,22,38
z045,markus-zoecke,196,86,64,72,50,24,46,62,35,80,64,15,33
ba57,ilija-bozoljac,193,86,55,78,49,24,46,64,37,81,65,13,32
j551,nicolas-jarry,198,90,63,72,52,25,46,64,38,82,65,16,33
k030,patrik-kuhnen,191,82,55,74,46,27,50,59,40,76,61,20,36
mi43,gerald-melzer,188,80,64,67,49,26,51,59,38,73,61,21,36
f031,jean-philippe-fleurian,185,79,60,67,49,30,49,60,42,73,60,23,37
gb93,norbert-gombos,193,85,62,71,43,27,47,62,30,75,61,16,35
d438,amer-delic,196,93,60,72,50,25,44,65,34,80,63,14,32
ca33,inigo-cervantes,183,78,51,71,48,27,48,54,41,72,60,20,35
d006,franco-davin,173,64,70,61,46,35,53,54,46,65,56,33,42
c028,thierry-champion,183,70,72,61,50,32,51,53,42,68,58,26,39
o522,reilly-opelka,211,102,63,80,55,21,41,69,28,91,71,10,28
o376,renzo-olivo,180,73,59,67,47,31,49,58,38,69,59,22,38
l386,jean-rene-lisnard,173,68,52,66,47,32,51,56,40,65,57,25,39
p233,jared-palmer,191,84,61,70,49,28,50,62,41,77,62,21,37
m614,cecil-mamiit,173,70,58,66,48,30,49,56,38,69,59,23,38
h364,markus-hipfl,178,74,64,65,49,31,51,54,42,69,59,27,39
ka98,bradley-klahn,183,75,61,71,50,25,43,59,35,76,62,12,31
bk92,alexander-bublik,198,77,58,75,44,28,46,58,38,77,62,18,35
bc11,sergei-bubka,188,88,60,74,46,24,48,48,38,75,63,15,34
p642,boris-pashanski,180,74,59,66,47,27,47,57,39,70,58,19,35
gd64,cristian-garin,185,85,61,70,50,29,50,61,40,76,62,23,37
v232,martin-verkerk,196,90,59,76,50,27,47,63,39,83,65,16,35
ra17,guillaume-rufin,188,82,54,70,49,27,49,61,39,74,61,20,36
b021,jeremy-bates,180,73,56,70,46,27,50,57,39,73,60,21,36
r203,david-rikl,178,68,57,66,47,29,49,59,41,69,58,23,37
c856,victor-crivoi,185,75,64,64,48,28,47,56,31,68,58,18,36
ag37,felix-auger-aliassime,193,88,65,74,49,29,48,65,38,81,65,19,36
b499,wayne-black,170,70,58,64,51,28,53,57,42,70,59,24,39
g892,alejandro-gonzalez,191,83,60,66,48,27,49,55,38,68,58,19,36
a622,andrea-arnaboldi,180,72,57,66,50,27,46,61,31,71,59,17,34
b293,patrick-baur,185,186,56,70,50,29,48,61,36,75,61,20,37
o264,josselin-ouanna,193,91,58,74,49,22,46,56,31,77,63,10,31
mn13,maximilian-marterer,191,84,63,70,53,25,44,60,35,79,64,14,32
w023,mats-wilander,183,77,65,66,46,30,52,57,43,71,59,25,39
p491,kristian-pless,188,84,61,70,51,26,47,60,39,77,62,18,35
p488,olivier-patience,180,75,63,66,49,27,48,58,37,72,59,20,36
lb84,juan-ignacio-londero,180,70,60,70,56,28,50,63,38,80,65,21,36
